1445191862076,isHappy,False
1445191862091,isDistracted,False
1445191862105,-15
1445191862149,isHappy,False
1445191862158,isDistracted,False
1445191862172,-15
1445191862210,isHappy,False
1445191862232,isDistracted,False
1445191862246,-15
1445191862281,isHappy,False
1445191862296,isDistracted,False
1445191862310,-15
1445191862331,isHappy,False
1445191862342,isDistracted,False
1445191862357,-15
1445191862384,isHappy,False
1445191862402,isDistracted,False
1445191862426,-15
1445191862455,isHappy,False
1445191862468,isDistracted,False
1445191862478,-15
1445191862504,isHappy,False
1445191862519,isDistracted,False
1445191862532,-15
1445191862557,isHappy,False
1445191862569,isDistracted,False
1445191862582,-15
1445191862617,isHappy,False
1445191862631,isDistracted,False
1445191862649,-15
1445191862685,isHappy,False
1445191862697,isDistracted,False
1445191862709,-15
1445191862736,isHappy,False
1445191862750,isDistracted,False
1445191862763,-15
1445191862789,isHappy,False
1445191862800,isDistracted,False
1445191862816,-15
1445191862850,isHappy,False
1445191862866,isDistracted,False
1445191862878,-15
1445191862917,isHappy,False
1445191862928,isDistracted,False
1445191862941,-15
1445191862968,isHappy,False
1445191862982,isDistracted,False
1445191862994,-15
1445191863020,isHappy,False
1445191863033,isDistracted,False
1445191863052,-15
1445191863100,isHappy,False
1445191863121,isDistracted,False
1445191863136,-15
1445191863181,isHappy,False
1445191863195,isDistracted,False
1445191863209,-15
1445191863249,isHappy,False
1445191863272,isDistracted,False
1445191863291,-15
1445191863320,isHappy,False
1445191863334,isDistracted,False
1445191863346,-15
1445191863380,isHappy,False
1445191863395,isDistracted,False
1445191863407,-15
1445191863433,isHappy,False
1445191863442,isDistracted,False
1445191863460,-15
1445191863496,isHappy,False
1445191863508,isDistracted,False
1445191863518,-15
1445191863550,isHappy,False
1445191863566,isDistracted,False
1445191863581,-10
1445191863617,isHappy,False
1445191863630,isDistracted,False
1445191863642,-15
1445191863669,isHappy,False
1445191863685,isDistracted,False
1445191863720,-10
1445191863754,isHappy,False
1445191863769,isDistracted,False
1445191863782,-10
1445191863817,isHappy,False
1445191863830,isDistracted,False
1445191863843,-10
1445191863880,isHappy,False
1445191863897,isDistracted,False
1445191863917,-10
1445191863947,isHappy,False
1445191863962,isDistracted,False
1445191863973,-10
1445191864012,isHappy,False
1445191864026,isDistracted,False
1445191864037,-10
1445191864065,isHappy,False
1445191864082,isDistracted,False
1445191864100,-10
1445191864134,isHappy,False
1445191864152,isDistracted,False
1445191864169,-10
1445191864211,isHappy,False
1445191864229,isDistracted,False
1445191864246,-15
1445191864280,isHappy,False
1445191864297,isDistracted,False
1445191864311,-10
1445191864346,isHappy,False
1445191864366,isDistracted,False
1445191864385,-10
1445191864417,isHappy,False
1445191864433,isDistracted,False
1445191864446,-10
1445191864484,isHappy,False
1445191864497,isDistracted,False
1445191864511,-10
1445191864540,isHappy,False
1445191864553,isDistracted,False
1445191864567,-10
1445191864603,isHappy,False
1445191864625,isDistracted,False
1445191864645,-10
1445191864682,isHappy,False
1445191864698,isDistracted,False
1445191864709,-10
1445191864748,isHappy,False
1445191864768,isDistracted,False
1445191864786,-10
1445191864821,isHappy,False
1445191864833,isDistracted,False
1445191864845,-10
1445191864886,isHappy,False
1445191864901,isDistracted,False
1445191864917,-10
1445191864946,isHappy,False
1445191864963,isDistracted,False
1445191864977,-10
1445191865014,isHappy,False
1445191865035,isDistracted,False
1445191865060,-10
1445191865085,isHappy,False
1445191865098,isDistracted,False
1445191865120,-10
1445191865181,isHappy,False
1445191865200,isDistracted,False
1445191865213,-10
1445191865250,isHappy,False
1445191865276,isDistracted,False
1445191865294,-10
1445191865325,isHappy,False
1445191865336,isDistracted,False
1445191865349,-10
1445191865383,isHappy,False
1445191865397,isDistracted,False
1445191865413,-10
1445191865450,isHappy,False
1445191865471,isDistracted,False
1445191865487,-10
1445191865517,isHappy,False
1445191865529,isDistracted,False
1445191865540,-10
1445191865570,isHappy,False
1445191865589,isDistracted,False
1445191865605,-10
1445191865646,isHappy,False
1445191865665,isDistracted,False
1445191865681,-10
1445191865718,isHappy,False
1445191865737,isDistracted,False
1445191865753,-10
1445191865783,isHappy,False
1445191865799,isDistracted,False
1445191865830,isHappy,False
1445191865840,isDistracted,False
1445191865852,-10
1445191865884,isHappy,False
1445191865901,isDistracted,False
1445191865921,-10
1445191865954,isHappy,False
1445191865969,isDistracted,False
1445191865984,-10
1445191866015,isHappy,False
1445191866029,isDistracted,False
1445191866045,-10
1445191866084,isHappy,False
1445191866100,isDistracted,False
1445191866118,-10
1445191866157,isHappy,False
1445191866172,isDistracted,False
1445191866188,-10
1445191866218,isHappy,False
1445191866235,isDistracted,False
1445191866252,-10
1445191866283,isHappy,False
1445191866299,isDistracted,False
1445191866317,-10
1445191866354,isHappy,False
1445191866375,isDistracted,False
1445191866393,-10
1445191866426,isHappy,False
1445191866440,isDistracted,False
1445191866470,isHappy,False
1445191866488,isDistracted,False
1445191866505,-10
1445191866533,isHappy,False
1445191866552,isDistracted,False
1445191866574,-10
1445191866615,isHappy,False
1445191866631,isDistracted,False
1445191866646,-10
1445191866678,isHappy,False
1445191866693,isDistracted,False
1445191866711,-10
1445191866750,isHappy,False
1445191866772,isDistracted,False
1445191866793,-10
1445191866822,isHappy,False
1445191866837,isDistracted,False
1445191866853,-10
1445191866882,isHappy,False
1445191866897,isDistracted,False
1445191866914,-10
1445191866950,isHappy,False
1445191866964,isDistracted,False
1445191866986,-10
1445191867021,isHappy,False
1445191867035,isDistracted,False
1445191867050,-10
1445191867084,isHappy,False
1445191867100,isDistracted,False
1445191867118,-10
1445191867150,isHappy,False
1445191867164,isDistracted,False
1445191867180,-10
1445191867218,isHappy,False
1445191867239,isDistracted,False
1445191867257,-10
1445191867290,isHappy,False
1445191867306,isDistracted,False
1445191867324,-10
1445191867354,isHappy,False
1445191867370,isDistracted,False
1445191867387,-10
1445191867425,isHappy,False
1445191867445,isDistracted,False
1445191867469,-10
1445191867500,isHappy,False
1445191867516,isDistracted,False
1445191867534,-10
1445191867563,isHappy,False
1445191867576,isDistracted,False
1445191867588,-10
1445191867612,isHappy,False
1445191867631,isDistracted,False
1445191867652,-10
1445191867690,isHappy,False
1445191867704,isDistracted,False
1445191867717,-10
1445191867751,isHappy,False
1445191867765,isDistracted,False
1445191867782,-10
1445191867812,isHappy,False
1445191867825,isDistracted,False
1445191867837,-10
1445191867863,isHappy,False
1445191867881,isDistracted,False
1445191867893,-10
1445191867919,isHappy,False
1445191867936,isDistracted,False
1445191867953,-10
1445191867982,isHappy,False
1445191867997,isDistracted,False
1445191868015,-10
1445191868051,isHappy,False
1445191868075,isDistracted,False
1445191868101,-10
1445191868132,isHappy,False
1445191868149,isDistracted,False
1445191868166,-10
1445191868196,isHappy,False
1445191868208,isDistracted,False
1445191868221,-10
1445191868253,isHappy,False
1445191868274,isDistracted,False
1445191868294,-10
1445191868332,isHappy,False
1445191868346,isDistracted,False
1445191868359,-10
1445191868389,isHappy,False
1445191868408,isDistracted,False
1445191868424,-10
1445191868454,isHappy,False
1445191868469,isDistracted,False
1445191868516,isHappy,False
1445191868535,isDistracted,False
1445191868576,isHappy,False
1445191868599,isDistracted,False
1445191868634,isHappy,False
1445191868652,isDistracted,False
1445191868685,isHappy,False
1445191868702,isDistracted,False
1445191868719,10
1445191868752,isHappy,False
1445191868774,isDistracted,False
1445191868813,isHappy,False
1445191868826,isDistracted,False
1445191868856,isHappy,False
1445191868873,isDistracted,False
1445191868888,10
1445191868915,isHappy,False
1445191868931,isDistracted,False
1445191868952,10
1445191868989,isHappy,False
1445191869004,isDistracted,False
1445191869022,10
1445191869055,isHappy,False
1445191869070,isDistracted,False
1445191869088,10
1445191869119,isHappy,False
1445191869137,isDistracted,False
1445191869154,10
1445191869187,isHappy,False
1445191869210,isDistracted,False
1445191869224,10
1445191869256,isHappy,False
1445191869274,isDistracted,False
1445191869288,10
1445191869317,isHappy,False
1445191869333,isDistracted,False
1445191869352,10
1445191869383,isHappy,False
1445191869408,isDistracted,False
1445191869447,isHappy,False
1445191869461,isDistracted,False
1445191869493,isHappy,False
1445191869512,isDistracted,False
1445191869550,isHappy,False
1445191869568,isDistracted,False
1445191869617,isHappy,False
1445191869647,isDistracted,False
1445191869698,isHappy,False
1445191869720,isDistracted,False
1445191869756,isHappy,False
1445191869775,isDistracted,False
1445191869812,isHappy,False
1445191869826,isDistracted,False
1445191869869,isHappy,False
1445191869893,isDistracted,False
1445191869910,-10
1445191869947,isHappy,False
1445191869966,isDistracted,False
1445191869984,-15
1445191870017,isHappy,False
1445191870036,isDistracted,False
1445191870057,-15
1445191870110,isHappy,False
1445191870122,isDistracted,False
1445191870143,-15
1445191870184,isHappy,False
1445191870200,isDistracted,False
1445191870218,-15
1445191870249,isHappy,False
1445191870272,isDistracted,False
1445191870295,-20
1445191870334,isHappy,False
1445191870353,isDistracted,False
1445191870370,-20
1445191870401,isHappy,False
1445191870421,isDistracted,False
1445191870439,-20
1445191870468,isHappy,False
1445191870495,isDistracted,False
1445191870517,-20
1445191870551,isHappy,False
1445191870571,isDistracted,False
1445191870591,-15
1445191870625,isHappy,False
1445191870649,isDistracted,False
1445191870668,-20
1445191870704,isHappy,False
1445191870734,isDistracted,False
1445191870751,-25
1445191870783,isHappy,False
1445191870802,isDistracted,False
1445191870820,-25
1445191870872,isHappy,False
1445191870892,isDistracted,False
1445191870915,-20
1445191870970,isHappy,False
1445191870991,isDistracted,False
1445191871008,-20
1445191871050,isHappy,False
1445191871067,isDistracted,False
1445191871087,-25
1445191871117,isHappy,False
1445191871152,isDistracted,False
1445191871178,-20
1445191871217,isHappy,False
1445191871235,isDistracted,False
1445191871253,-20
1445191871283,isHappy,False
1445191871301,isDistracted,False
1445191871319,-25
1445191871354,isHappy,False
1445191871379,isDistracted,False
1445191871406,-25
1445191871448,isHappy,False
1445191871471,isDistracted,False
1445191871485,-20
1445191871516,isHappy,False
1445191871535,isDistracted,False
1445191871554,-20
1445191871589,isHappy,False
1445191871617,isDistracted,False
1445191871642,-20
1445191871684,isHappy,False
1445191871706,isDistracted,False
1445191871725,-20
1445191871755,isHappy,False
1445191871775,isDistracted,False
1445191871800,-20
1445191871840,isHappy,False
1445191871855,isDistracted,False
1445191871874,-15
1445191871912,isHappy,False
1445191871928,isDistracted,False
1445191871947,-15
1445191871984,isHappy,False
1445191872006,isDistracted,False
1445191872033,-15
1445191872067,isHappy,False
1445191872088,isDistracted,False
1445191872107,-10
1445191872142,isHappy,False
1445191872165,isDistracted,False
1445191872200,isHappy,False
1445191872225,isDistracted,False
1445191872268,isHappy,False
1445191872288,isDistracted,False
1445191872322,isHappy,False
1445191872345,isDistracted,False
1445191872361,-10
1445191872392,isHappy,False
1445191872415,isDistracted,False
1445191872468,isHappy,False
1445191872488,isDistracted,False
1445191872522,isHappy,False
1445191872539,isDistracted,False
1445191872583,isHappy,False
1445191872601,isDistracted,False
1445191872644,isHappy,False
1445191872674,isDistracted,False
1445191872737,isHappy,False
1445191872764,isDistracted,False
1445191872785,10
1445191872818,isHappy,False
1445191872836,isDistracted,False
1445191872862,10
1445191872917,isHappy,False
1445191872945,isDistracted,False
1445191872966,10
1445191872997,isHappy,False
1445191873014,isDistracted,False
1445191873035,10
1445191873066,isHappy,False
1445191873092,isDistracted,False
1445191873120,10
1445191873156,isHappy,False
1445191873173,isDistracted,False
1445191873194,10
1445191873226,isHappy,False
1445191873242,isDistracted,False
1445191873284,isHappy,False
1445191873311,isDistracted,False
1445191873336,10
1445191873385,isHappy,False
1445191873406,isDistracted,False
1445191873424,10
1445191873454,isHappy,False
1445191873477,isDistracted,False
1445191873499,10
1445191873545,isHappy,False
1445191873569,isDistracted,False
1445191873589,15
1445191873620,isHappy,False
1445191873644,isDistracted,False
1445191873662,10
1445191873694,isHappy,False
1445191873713,isDistracted,False
1445191873742,10
1445191873787,isHappy,False
1445191873811,isDistracted,False
1445191873827,10
1445191873875,isHappy,False
1445191873895,isDistracted,False
1445191873914,10
1445191873949,isHappy,False
1445191873979,isDistracted,True
1445191874001,20
1445191874034,isHappy,False
1445191874055,isDistracted,False
1445191874073,10
1445191874114,isHappy,False
1445191874140,isDistracted,False
1445191874164,10
1445191874218,isHappy,False
1445191874237,isDistracted,False
1445191874284,isHappy,False
1445191874303,isDistracted,False
1445191874349,isHappy,False
1445191874369,isDistracted,False
1445191874397,10
1445191874442,isHappy,False
1445191874466,isDistracted,False
1445191874499,isHappy,False
1445191874520,isDistracted,False
1445191874554,isHappy,False
1445191874571,isDistracted,False
1445191874597,10
1445191874644,isHappy,False
1445191874666,isDistracted,False
1445191874688,10
1445191874719,isHappy,False
1445191874739,isDistracted,False
1445191874759,10
1445191874789,isHappy,False
1445191874810,isDistracted,False
1445191874854,isHappy,False
1445191874884,isDistracted,False
1445191874906,10
1445191874950,isHappy,False
1445191874968,isDistracted,False
1445191875003,isHappy,False
1445191875030,isDistracted,False
1445191875083,isHappy,False
1445191875104,isDistracted,False
1445191875145,isHappy,False
1445191875164,isDistracted,False
1445191875201,isHappy,False
1445191875226,isDistracted,False
1445191875280,isHappy,False
1445191875305,isDistracted,False
1445191875349,isHappy,False
1445191875368,isDistracted,False
1445191875403,isHappy,False
1445191875426,isDistracted,False
1445191875461,isHappy,False
1445191875489,isDistracted,False
1445191875525,isHappy,True
1445191875541,isDistracted,False
1445191875584,isHappy,False
1445191875606,isDistracted,False
1445191875650,isHappy,False
1445191875680,isDistracted,False
1445191875722,isHappy,False
1445191875745,isDistracted,False
1445191875785,isHappy,False
1445191875804,isDistracted,False
1445191875846,isHappy,False
1445191875863,isDistracted,False
1445191875909,isHappy,False
1445191875948,isDistracted,False
1445191875984,isHappy,False
1445191876005,isDistracted,False
1445191876046,isHappy,False
1445191876067,isDistracted,False
1445191876113,isHappy,False
1445191876146,isDistracted,False
1445191876198,isHappy,False
1445191876216,isDistracted,False
1445191876249,isHappy,False
1445191876270,isDistracted,False
1445191876317,isHappy,False
1445191876347,isDistracted,False
1445191876390,isHappy,False
1445191876410,isDistracted,False
1445191876450,isHappy,False
1445191876467,isDistracted,False
1445191876513,isHappy,False
1445191876540,isDistracted,False
1445191876577,isHappy,False
1445191876596,isDistracted,False
1445191876642,isHappy,False
1445191876667,isDistracted,False
1445191876703,isHappy,False
1445191876728,isDistracted,False
1445191876784,isHappy,False
1445191876805,isDistracted,False
1445191876850,isHappy,False
1445191876871,isDistracted,False
1445191876912,isHappy,False
1445191876932,isDistracted,False
1445191876985,isHappy,False
1445191877013,isDistracted,False
1445191877050,isHappy,False
1445191877072,isDistracted,False
1445191877113,isHappy,False
1445191877139,isDistracted,False
1445191877203,isHappy,False
1445191877229,isDistracted,False
1445191877265,isHappy,False
1445191877285,isDistracted,False
1445191877320,isHappy,False
1445191877345,isDistracted,False
1445191877383,isHappy,False
1445191877413,isDistracted,False
1445191877446,isHappy,False
1445191877464,isDistracted,False
1445191877513,isHappy,False
1445191877534,isDistracted,False
1445191877579,isHappy,False
1445191877606,isDistracted,False
1445191877655,isHappy,False
1445191877675,isDistracted,False
1445191877717,isHappy,False
1445191877737,isDistracted,False
1445191877782,isHappy,False
1445191877801,isDistracted,False
1445191877850,isHappy,False
1445191877883,isDistracted,False
1445191877917,isHappy,False
1445191877940,isDistracted,False
1445191877983,isHappy,False
1445191878003,isDistracted,False
1445191878049,isHappy,False
1445191878078,isDistracted,False
1445191878135,isHappy,False
1445191878158,isDistracted,False
1445191878192,isHappy,False
1445191878212,isDistracted,False
1445191878248,isHappy,False
1445191878271,isDistracted,False
1445191878323,isHappy,False
1445191878342,isDistracted,False
1445191878384,isHappy,False
1445191878405,isDistracted,False
1445191878450,isHappy,False
1445191878471,isDistracted,False
1445191878516,isHappy,False
1445191878537,isDistracted,False
1445191878585,isHappy,False
1445191878606,isDistracted,False
1445191878647,isHappy,False
1445191878668,isDistracted,False
1445191878716,isHappy,True
1445191878747,isDistracted,False
1445191878770,10
1445191878816,isHappy,False
1445191878837,isDistracted,False
1445191878857,10
1445191878890,isHappy,False
1445191878914,isDistracted,False
1445191878966,isHappy,False
1445191878988,isDistracted,False
1445191879009,10
1445191879050,isHappy,False
1445191879069,isDistracted,False
1445191879091,10
1445191879130,isHappy,False
1445191879155,isDistracted,True
1445191879190,30
1445191879228,isHappy,False
1445191879249,isDistracted,False
1445191879270,10
1445191879313,isHappy,False
1445191879334,isDistracted,False
1445191879358,15
1445191879411,isHappy,False
1445191879433,isDistracted,False
1445191879464,10
1445191879511,isHappy,False
1445191879537,isDistracted,False
1445191879554,15
1445191879590,isHappy,False
1445191879629,isDistracted,False
1445191879651,10
1445191879688,isHappy,False
1445191879712,isDistracted,False
1445191879735,15
1445191879766,isHappy,False
1445191879792,isDistracted,False
1445191879822,15
1445191879861,isHappy,False
1445191879883,isDistracted,False
1445191879907,15
1445191879950,isHappy,False
1445191879971,isDistracted,False
1445191879993,15
1445191880030,isHappy,False
1445191880063,isDistracted,True
1445191880087,20
1445191880122,isHappy,False
1445191880151,isDistracted,True
1445191880180,20
1445191880215,isHappy,False
1445191880243,isDistracted,False
1445191880273,15
1445191880317,isHappy,False
1445191880342,isDistracted,False
1445191880362,15
1445191880398,isHappy,False
1445191880418,isDistracted,False
1445191880444,15
1445191880488,isHappy,False
1445191880512,isDistracted,False
1445191880531,15
1445191880567,isHappy,False
1445191880590,isDistracted,False
1445191880612,10
1445191880648,isHappy,False
1445191880676,isDistracted,False
1445191880715,10
1445191880752,isHappy,False
1445191880783,isDistracted,False
1445191880819,isHappy,False
1445191880841,isDistracted,False
1445191880884,isHappy,False
1445191880918,isDistracted,False
1445191880955,isHappy,False
1445191880978,isDistracted,False
1445191881015,isHappy,False
1445191881035,isDistracted,False
1445191881079,isHappy,False
1445191881107,isDistracted,False
1445191881154,isHappy,False
1445191881180,isDistracted,False
1445191881223,isHappy,False
1445191881249,isDistracted,False
1445191881283,isHappy,False
1445191881308,isDistracted,False
1445191881355,isHappy,False
1445191881380,isDistracted,False
1445191881415,isHappy,False
1445191881437,isDistracted,False
1445191881484,isHappy,False
1445191881508,isDistracted,False
1445191881554,isHappy,False
1445191881580,isDistracted,False
1445191881602,-10
1445191881646,isHappy,False
1445191881669,isDistracted,False
1445191881717,isHappy,False
1445191881744,isDistracted,False
1445191881777,-10
1445191881818,isHappy,False
1445191881840,isDistracted,False
1445191881883,isHappy,True
1445191881904,isDistracted,False
1445191881925,-10
1445191881962,isHappy,False
1445191881993,isDistracted,False
1445191882036,isHappy,False
1445191882061,isDistracted,False
1445191882082,-10
1445191882116,isHappy,False
1445191882138,isDistracted,False
1445191882183,isHappy,False
1445191882215,isDistracted,False
1445191882306,isHappy,False
1445191882329,isDistracted,False
1445191882366,isHappy,False
1445191882398,isDistracted,False
1445191882425,-10
1445191882460,isHappy,False
1445191882483,isDistracted,False
1445191882516,isHappy,False
1445191882535,isDistracted,False
1445191882584,isHappy,False
1445191882618,isDistracted,False
1445191882652,-10
1445191882701,isHappy,False
1445191882725,isDistracted,False
1445191882743,-10
1445191882784,isHappy,False
1445191882812,isDistracted,False
1445191882844,-10
1445191882885,isHappy,False
1445191882907,isDistracted,False
1445191882929,-10
1445191882961,isHappy,False
1445191882987,isDistracted,False
1445191883007,-10
1445191883050,isHappy,False
1445191883080,isDistracted,False
1445191883104,-10
1445191883144,isHappy,False
1445191883171,isDistracted,False
1445191883192,-15
1445191883225,isHappy,False
1445191883251,isDistracted,False
1445191883282,-10
1445191883316,isHappy,False
1445191883345,isDistracted,False
1445191883366,-10
1445191883397,isHappy,False
1445191883415,isDistracted,False
1445191883434,-10
1445191883484,isHappy,False
1445191883519,isDistracted,False
1445191883544,-15
1445191883584,isHappy,False
1445191883604,isDistracted,False
1445191883630,-10
1445191883668,isHappy,False
1445191883699,isDistracted,False
1445191883724,-10
1445191883760,isHappy,False
1445191883783,isDistracted,False
1445191883803,-10
1445191883835,isHappy,True
1445191883859,isDistracted,False
1445191883880,-10
1445191883950,isHappy,False
1445191883975,isDistracted,False
1445191883997,-10
1445191884034,isHappy,False
1445191884060,isDistracted,False
1445191884082,-10
1445191884121,isHappy,False
1445191884159,isDistracted,False
1445191884208,isHappy,False
1445191884233,isDistracted,False
1445191884253,-10
1445191884287,isHappy,False
1445191884309,isDistracted,False
1445191884357,isHappy,False
1445191884386,isDistracted,False
1445191884434,isHappy,False
1445191884460,isDistracted,False
1445191884500,isHappy,False
1445191884524,isDistracted,False
1445191884567,isHappy,False
1445191884602,isDistracted,False
1445191884650,isHappy,False
1445191884669,isDistracted,False
1445191884717,isHappy,False
1445191884740,isDistracted,False
1445191884765,-10
1445191884818,isHappy,False
1445191884844,isDistracted,False
1445191884867,-10
1445191884917,isHappy,False
1445191884943,isDistracted,False
1445191884980,isHappy,False
1445191885015,isDistracted,False
1445191885060,isHappy,False
1445191885086,isDistracted,False
1445191885126,isHappy,False
1445191885150,isDistracted,False
1445191885190,isHappy,False
1445191885223,isDistracted,False
1445191885275,isHappy,False
1445191885301,isDistracted,False
1445191885343,isHappy,False
1445191885367,isDistracted,False
1445191885405,isHappy,False
1445191885433,isDistracted,False
1445191885489,isHappy,False
1445191885515,isDistracted,False
1445191885554,isHappy,False
1445191885578,isDistracted,False
1445191885614,isHappy,False
1445191885641,isDistracted,False
1445191885691,isHappy,False
1445191885717,isDistracted,False
1445191885755,isHappy,False
1445191885773,isDistracted,False
1445191885797,-10
1445191885832,isHappy,True
1445191885860,isDistracted,False
1445191885914,isHappy,False
1445191885947,isDistracted,False
1445191885990,isHappy,False
1445191886011,isDistracted,False
1445191886049,isHappy,False
1445191886076,isDistracted,False
1445191886127,isHappy,False
1445191886149,isDistracted,False
1445191886184,isHappy,False
1445191886211,isDistracted,False
1445191886253,isHappy,True
1445191886277,isDistracted,False
1445191886322,isHappy,False
1445191886351,isDistracted,False
1445191886388,isHappy,False
1445191886415,isDistracted,False
1445191886453,isHappy,False
1445191886478,isDistracted,False
1445191886507,-10
1445191886559,isHappy,False
1445191886596,isDistracted,False
1445191886647,isHappy,False
1445191886675,isDistracted,False
1445191886717,isHappy,False
1445191886746,isDistracted,False
1445191886793,isHappy,False
1445191886816,isDistracted,False
1445191886854,isHappy,False
1445191886878,isDistracted,False
1445191886915,isHappy,False
1445191886941,isDistracted,False
1445191886993,isHappy,False
1445191887018,isDistracted,False
1445191887054,isHappy,False
1445191887082,isDistracted,False
1445191887117,isHappy,False
1445191887139,isDistracted,False
1445191887186,isHappy,False
1445191887219,isDistracted,False
1445191887259,isHappy,False
1445191887285,isDistracted,False
1445191887320,isHappy,False
1445191887344,isDistracted,False
1445191887383,isHappy,False
1445191887417,isDistracted,False
1445191887460,isHappy,False
1445191887486,isDistracted,False
1445191887522,isHappy,False
1445191887548,isDistracted,False
1445191887588,isHappy,False
1445191887621,isDistracted,False
1445191887677,isHappy,False
1445191887704,isDistracted,False
1445191887750,isHappy,False
1445191887772,isDistracted,False
1445191887813,isHappy,False
1445191887851,isDistracted,False
1445191887878,-10
1445191887917,isHappy,False
1445191887944,isDistracted,False
1445191887964,-10
1445191887999,isHappy,False
1445191888022,isDistracted,False
1445191888073,isHappy,False
1445191888103,isDistracted,False
1445191888145,isHappy,False
1445191888165,isDistracted,False
1445191888203,isHappy,False
1445191888229,isDistracted,False
1445191888284,isHappy,False
1445191888302,isDistracted,False
1445191888335,isHappy,False
1445191888354,isDistracted,False
1445191888384,isHappy,False
1445191888407,isDistracted,False
1445191888427,-10
1445191888460,isHappy,False
1445191888485,isDistracted,False
1445191888503,-10
1445191888544,isHappy,False
1445191888562,isDistracted,False
1445191888581,-10
1445191888612,isHappy,False
1445191888632,isDistracted,False
1445191888666,isHappy,False
1445191888696,isDistracted,False
1445191888734,-10
1445191888780,isHappy,False
1445191888802,isDistracted,False
1445191888850,isHappy,False
1445191888874,isDistracted,False
1445191888910,-10
1445191888949,isHappy,False
1445191888972,isDistracted,False
1445191889017,isHappy,False
1445191889041,isDistracted,False
1445191889084,isHappy,False
1445191889114,isDistracted,False
1445191889167,isHappy,False
1445191889200,isDistracted,False
1445191889250,isHappy,False
1445191889271,isDistracted,False
1445191889316,isHappy,False
1445191889349,isDistracted,False
1445191889401,isHappy,False
1445191889426,isDistracted,False
1445191889461,isHappy,True
1445191889485,isDistracted,False
1445191889521,isHappy,False
1445191889558,isDistracted,False
1445191889614,isHappy,True
1445191889647,isDistracted,False
1445191889680,isHappy,True
1445191889708,isDistracted,False
1445191889746,isHappy,True
1445191889786,isDistracted,False
1445191889844,isHappy,True
1445191889869,isDistracted,False
1445191889913,isHappy,False
1445191889938,isDistracted,False
1445191889980,isHappy,True
1445191890017,isDistracted,False
1445191890054,isHappy,True
1445191890081,isDistracted,False
1445191890119,isHappy,True
1445191890147,isDistracted,False
1445191890193,isHappy,True
1445191890220,isDistracted,False
1445191890260,isHappy,True
1445191890286,isDistracted,False
1445191890325,isHappy,True
1445191890350,isDistracted,False
1445191890388,isHappy,True
1445191890428,isDistracted,False
1445191890468,isHappy,True
1445191890492,isDistracted,False
1445191890526,isHappy,True
1445191890554,isDistracted,False
1445191890593,isHappy,True
1445191890627,isDistracted,False
1445191890685,isHappy,False
1445191890712,isDistracted,False
1445191890753,isHappy,True
1445191890779,isDistracted,False
1445191890817,isHappy,True
1445191890860,isDistracted,False
1445191890906,isHappy,True
1445191890933,isDistracted,False
1445191890980,isHappy,True
1445191891006,isDistracted,False
1445191891046,isHappy,False
1445191891085,isDistracted,False
1445191891124,isHappy,True
1445191891149,isDistracted,False
1445191891194,isHappy,True
1445191891216,isDistracted,False
1445191891238,-10
1445191891284,isHappy,False
1445191891317,isDistracted,False
1445191891343,-10
1445191891383,isHappy,False
1445191891406,isDistracted,False
1445191891428,-15
1445191891466,isHappy,False
1445191891507,isDistracted,False
1445191891535,-15
1445191891582,isHappy,True
1445191891613,isDistracted,False
1445191891633,-10
1445191891684,isHappy,False
1445191891725,isDistracted,False
1445191891750,-15
1445191891788,isHappy,False
1445191891814,isDistracted,False
1445191891836,-10
1445191891876,isHappy,False
1445191891904,isDistracted,False
1445191891942,-15
1445191891989,isHappy,True
1445191892015,isDistracted,False
1445191892039,-10
1445191892084,isHappy,False
1445191892106,isDistracted,False
1445191892139,-15
1445191892200,isHappy,False
1445191892229,isDistracted,False
1445191892252,-10
1445191892288,isHappy,False
1445191892315,isDistracted,False
1445191892337,-10
1445191892384,isHappy,False
1445191892421,isDistracted,False
1445191892455,-10
1445191892493,isHappy,False
1445191892516,isDistracted,False
1445191892542,-10
1445191892589,isHappy,False
1445191892618,isDistracted,False
1445191892646,-10
1445191892682,isHappy,False
1445191892705,isDistracted,False
1445191892731,-10
1445191892767,isHappy,False
1445191892805,isDistracted,False
1445191892850,isHappy,False
1445191892874,isDistracted,False
1445191892917,isHappy,False
1445191892939,isDistracted,False
1445191892984,isHappy,False
1445191893022,isDistracted,False
1445191893080,isHappy,False
1445191893108,isDistracted,False
1445191893149,isHappy,False
1445191893172,isDistracted,False
1445191893220,isHappy,False
1445191893252,isDistracted,False
1445191893289,isHappy,False
1445191893316,isDistracted,False
1445191893338,-10
1445191893384,isHappy,True
1445191893420,isDistracted,False
1445191893466,isHappy,False
1445191893495,isDistracted,False
1445191893522,-10
1445191893556,isHappy,False
1445191893578,isDistracted,False
1445191893619,isHappy,False
1445191893653,isDistracted,False
1445191893685,-10
1445191893722,isHappy,False
1445191893750,isDistracted,False
1445191893788,isHappy,False
1445191893815,isDistracted,False
1445191893854,isHappy,False
1445191893886,isDistracted,False
1445191893910,-10
1445191893951,isHappy,False
1445191893977,isDistracted,False
1445191893999,-10
1445191894034,isHappy,False
1445191894062,isDistracted,False
1445191894120,isHappy,False
1445191894151,isDistracted,False
1445191894175,-10
1445191894216,isHappy,False
1445191894240,isDistracted,False
1445191894283,isHappy,False
1445191894318,isDistracted,False
1445191894359,isHappy,False
1445191894386,isDistracted,False
1445191894420,isHappy,False
1445191894447,isDistracted,False
1445191894468,-10
1445191894512,isHappy,False
1445191894534,isDistracted,False
1445191894564,-10
1445191894601,isHappy,False
1445191894625,isDistracted,False
1445191894652,-10
1445191894689,isHappy,False
1445191894728,isDistracted,False
1445191894754,-10
1445191894789,isHappy,False
1445191894816,isDistracted,False
1445191894853,isHappy,False
1445191894877,isDistracted,False
1445191894915,isHappy,False
1445191894947,isDistracted,False
1445191894984,-10
1445191895014,isHappy,False
1445191895035,isDistracted,False
1445191895061,-10
1445191895100,isHappy,False
1445191895130,isDistracted,False
1445191895186,isHappy,False
1445191895218,isDistracted,False
1445191895246,-10
1445191895281,isHappy,False
1445191895303,isDistracted,False
1445191895346,isHappy,False
1445191895373,isDistracted,False
1445191895418,isHappy,False
1445191895445,isDistracted,False
1445191895482,isHappy,False
1445191895505,isDistracted,False
1445191895550,isHappy,False
1445191895585,isDistracted,False
1445191895633,isHappy,False
1445191895661,isDistracted,False
1445191895700,isHappy,False
1445191895728,isDistracted,False
1445191895767,isHappy,False
1445191895817,isDistracted,False
1445191895868,isHappy,False
1445191895901,isDistracted,False
1445191895949,isHappy,False
1445191895972,isDistracted,False
1445191896015,isHappy,False
1445191896053,isDistracted,False
1445191896105,isHappy,False
1445191896135,isDistracted,False
1445191896184,isHappy,False
1445191896212,isDistracted,False
1445191896279,isHappy,False
1445191896316,isDistracted,False
1445191896339,10
1445191896384,isHappy,False
1445191896407,isDistracted,False
1445191896436,10
1445191896483,isHappy,False
1445191896507,isDistracted,False
1445191896532,10
1445191896568,isHappy,False
1445191896599,isDistracted,False
1445191896621,10
1445191896660,isHappy,False
1445191896697,isDistracted,False
1445191896749,isHappy,False
1445191896780,isDistracted,False
1445191896818,isHappy,False
1445191896842,isDistracted,False
1445191896880,isHappy,False
1445191896918,isDistracted,False
1445191896956,isHappy,False
1445191896983,isDistracted,False
1445191897020,isHappy,False
1445191897040,isDistracted,False
1445191897083,isHappy,False
1445191897122,isDistracted,False
1445191897174,isHappy,False
1445191897197,isDistracted,False
1445191897246,isHappy,False
1445191897275,isDistracted,False
1445191897316,isHappy,False
1445191897361,isDistracted,False
1445191897417,isHappy,False
1445191897442,isDistracted,False
1445191897482,isHappy,False
1445191897505,isDistracted,False
1445191897550,isHappy,True
1445191897585,isDistracted,False
1445191897644,isHappy,True
1445191897677,isDistracted,False
1445191897713,isHappy,True
1445191897741,isDistracted,False
1445191897786,isHappy,True
1445191897824,isDistracted,False
1445191897866,isHappy,True
1445191897893,isDistracted,False
1445191897930,isHappy,True
1445191897954,isDistracted,False
1445191897999,isHappy,True
1445191898034,isDistracted,False
1445191898084,isHappy,True
1445191898110,isDistracted,False
1445191898150,isHappy,True
1445191898175,isDistracted,False
1445191898229,isHappy,True
1445191898259,isDistracted,False
1445191898299,isHappy,True
1445191898326,isDistracted,False
1445191898367,isHappy,True
1445191898392,isDistracted,False
1445191898450,isHappy,True
1445191898483,isDistracted,False
1445191898523,isHappy,True
1445191898550,isDistracted,False
1445191898588,isHappy,True
1445191898615,isDistracted,False
1445191898681,isHappy,True
1445191898711,isDistracted,False
1445191898748,isHappy,True
1445191898772,isDistracted,False
1445191898817,isHappy,True
1445191898845,isDistracted,False
1445191898902,isHappy,True
1445191898929,isDistracted,False
1445191898967,isHappy,True
1445191898994,isDistracted,False
1445191899028,isHappy,True
1445191899060,isDistracted,False
1445191899121,isHappy,True
1445191899163,isDistracted,False
1445191899215,isHappy,True
1445191899245,isDistracted,False
1445191899282,isHappy,True
1445191899320,isDistracted,False
1445191899360,isHappy,True
1445191899387,isDistracted,False
1445191899426,isHappy,True
1445191899448,isDistracted,False
1445191899489,isHappy,False
1445191899533,isDistracted,False
1445191899580,isHappy,False
1445191899606,isDistracted,False
1445191899646,isHappy,False
1445191899673,isDistracted,False
1445191899720,isHappy,False
1445191899755,isDistracted,False
1445191899793,isHappy,False
1445191899820,isDistracted,False
1445191899860,isHappy,True
1445191899889,isDistracted,False
1445191899934,isHappy,True
1445191899971,isDistracted,False
1445191900017,isHappy,True
1445191900041,isDistracted,False
1445191900084,isHappy,True
1445191900109,isDistracted,False
1445191900156,isHappy,False
1445191900193,isDistracted,False
1445191900235,isHappy,False
1445191900266,isDistracted,False
1445191900301,isHappy,False
1445191900328,isDistracted,False
1445191900370,isHappy,False
1445191900410,isDistracted,False
1445191900455,isHappy,False
1445191900485,isDistracted,False
1445191900521,isHappy,False
1445191900544,isDistracted,False
1445191900613,isHappy,False
1445191900658,isDistracted,False
1445191900714,isHappy,True
1445191900745,isDistracted,False
1445191900782,isHappy,True
1445191900819,isDistracted,False
1445191900863,isHappy,True
1445191900889,isDistracted,False
1445191900928,isHappy,True
1445191900952,isDistracted,False
1445191901017,isHappy,False
1445191901057,isDistracted,False
1445191901099,isHappy,False
1445191901126,isDistracted,False
1445191901177,isHappy,True
1445191901210,isDistracted,False
1445191901259,isHappy,True
1445191901285,isDistracted,False
1445191901330,isHappy,True
1445191901356,isDistracted,False
1445191901396,isHappy,True
1445191901419,isDistracted,False
1445191901465,isHappy,True
1445191901502,isDistracted,False
1445191901547,isHappy,True
1445191901575,isDistracted,False
1445191901615,isHappy,True
1445191901642,isDistracted,False
1445191901699,isHappy,True
1445191901737,isDistracted,False
1445191901789,isHappy,True
1445191901816,isDistracted,False
1445191901855,isHappy,True
1445191901894,isDistracted,False
1445191901950,isHappy,True
1445191901974,isDistracted,False
1445191902015,isHappy,True
1445191902036,isDistracted,False
1445191902084,isHappy,True
1445191902118,isDistracted,False
1445191902179,isHappy,True
1445191902209,isDistracted,False
1445191902248,isHappy,True
1445191902271,isDistracted,False
1445191902317,isHappy,True
1445191902350,isDistracted,False
1445191902399,isHappy,False
1445191902433,isDistracted,False
1445191902483,isHappy,True
1445191902509,isDistracted,False
1445191902563,isHappy,True
1445191902588,isDistracted,False
1445191902635,isHappy,True
1445191902662,isDistracted,False
1445191902710,isHappy,True
1445191902737,isDistracted,False
1445191902785,isHappy,True
1445191902818,isDistracted,False
1445191902862,isHappy,True
1445191902886,isDistracted,False
1445191902930,isHappy,True
1445191902965,isDistracted,False
1445191903017,isHappy,True
1445191903048,isDistracted,False
1445191903086,isHappy,False
1445191903116,isDistracted,False
1445191903206,isHappy,True
1445191903241,isDistracted,False
1445191903284,isHappy,True
1445191903311,isDistracted,False
1445191903349,isHappy,True
1445191903373,isDistracted,False
1445191903417,isHappy,True
1445191903446,isDistracted,False
1445191903494,isHappy,True
1445191903520,isDistracted,False
1445191903561,isHappy,False
1445191903588,isDistracted,False
1445191903643,isHappy,True
1445191903667,isDistracted,False
1445191903718,isHappy,True
1445191903748,isDistracted,False
1445191903784,isHappy,False
1445191903810,isDistracted,False
1445191903860,isHappy,False
1445191903897,isDistracted,False
1445191903950,isHappy,False
1445191903981,isDistracted,False
1445191904020,isHappy,True
1445191904054,isDistracted,False
1445191904115,isHappy,True
1445191904144,isDistracted,False
1445191904188,isHappy,True
1445191904218,isDistracted,False
1445191904259,isHappy,True
1445191904298,isDistracted,False
1445191904350,isHappy,True
1445191904379,isDistracted,False
1445191904422,isHappy,True
1445191904446,isDistracted,False
1445191904505,isHappy,False
1445191904544,isDistracted,False
1445191904614,isHappy,True
1445191904645,isDistracted,False
1445191904686,isHappy,True
1445191904730,isDistracted,False
1445191904784,isHappy,False
1445191904812,isDistracted,False
1445191904853,isHappy,True
1445191904884,isDistracted,False
1445191904929,isHappy,False
1445191904969,isDistracted,False
1445191905020,isHappy,True
1445191905048,isDistracted,False
1445191905089,isHappy,False
1445191905120,isDistracted,False
1445191905178,isHappy,True
1445191905204,isDistracted,False
1445191905249,isHappy,True
1445191905277,isDistracted,False
1445191905315,isHappy,True
1445191905338,isDistracted,False
1445191905400,isHappy,True
1445191905429,isDistracted,False
1445191905469,isHappy,False
1445191905498,isDistracted,False
1445191905535,isHappy,False
1445191905566,isDistracted,False
1445191905613,isHappy,True
1445191905647,isDistracted,False
1445191905700,isHappy,True
1445191905726,isDistracted,False
1445191905767,isHappy,True
1445191905797,isDistracted,False
1445191905881,isHappy,True
1445191905906,isDistracted,False
1445191905946,isHappy,True
1445191905973,isDistracted,False
1445191906019,isHappy,True
1445191906050,isDistracted,False
1445191906103,isHappy,False
1445191906132,isDistracted,False
1445191906178,isHappy,False
1445191906207,isDistracted,False
1445191906255,isHappy,True
1445191906285,isDistracted,False
1445191906322,isHappy,True
1445191906350,isDistracted,False
1445191906387,isHappy,True
1445191906416,isDistracted,False
1445191906459,isHappy,True
1445191906493,isDistracted,False
1445191906535,isHappy,True
1445191906562,isDistracted,False
1445191906601,isHappy,True
1445191906631,isDistracted,False
1445191906681,isHappy,True
1445191906713,isDistracted,False
1445191906750,isHappy,True
1445191906780,isDistracted,False
1445191906816,isHappy,True
1445191906842,isDistracted,False
1445191906915,isHappy,False
1445191906943,isDistracted,False
1445191906982,isHappy,True
1445191907006,isDistracted,False
1445191907050,isHappy,True
1445191907073,isDistracted,False
1445191907122,isHappy,True
1445191907164,isDistracted,False
1445191907217,isHappy,True
1445191907244,isDistracted,False
1445191907284,isHappy,False
1445191907308,isDistracted,False
1445191907354,isHappy,True
1445191907389,isDistracted,False
1445191907436,isHappy,True
1445191907461,isDistracted,False
1445191907500,isHappy,False
1445191907525,isDistracted,False
1445191907584,isHappy,True
1445191907607,isDistracted,False
1445191907649,isHappy,True
1445191907672,isDistracted,False
1445191907695,-10
1445191907732,isHappy,False
1445191907759,isDistracted,False
1445191907795,-10
1445191907833,isHappy,True
1445191907858,isDistracted,False
1445191907882,-15
1445191907919,isHappy,False
1445191907944,isDistracted,False
1445191907968,-15
1445191908017,isHappy,False
1445191908038,isDistracted,False
1445191908065,-15
1445191908114,isHappy,True
1445191908141,isDistracted,False
1445191908165,-20
1445191908204,isHappy,False
1445191908243,isDistracted,False
1445191908268,-20
1445191908317,isHappy,False
1445191908344,isDistracted,False
1445191908365,-20
1445191908401,isHappy,False
1445191908435,isDistracted,False
1445191908461,-20
1445191908530,isHappy,False
1445191908556,isDistracted,False
1445191908578,-20
1445191908614,isHappy,False
1445191908657,isDistracted,False
1445191908681,-20
1445191908719,isHappy,False
1445191908745,isDistracted,False
1445191908766,-20
1445191908810,isHappy,False
1445191908836,isDistracted,False
1445191908870,-20
1445191908918,isHappy,True
1445191908951,isDistracted,False
1445191908978,-20
1445191909018,isHappy,False
1445191909043,isDistracted,False
1445191909073,-25
1445191909117,isHappy,False
1445191909143,isDistracted,True
1445191909168,-30
1445191909215,isHappy,False
1445191909241,isDistracted,False
1445191909261,-25
1445191909317,isHappy,False
1445191909347,isDistracted,True
1445191909371,-30
1445191909413,isHappy,False
1445191909440,isDistracted,True
1445191909463,-35
1445191909513,isHappy,False
1445191909544,isDistracted,True
1445191909567,-40
1445191909617,isHappy,False
1445191909644,isDistracted,True
1445191909665,-30
1445191909710,isHappy,False
1445191909744,isDistracted,True
1445191909769,-35
1445191909817,isHappy,False
1445191909842,isDistracted,False
1445191909863,-25
1445191909897,isHappy,False
1445191909924,isDistracted,True
1445191909956,-30
1445191909998,isHappy,False
1445191910023,isDistracted,True
1445191910047,-30
1445191910084,isHappy,False
1445191910107,isDistracted,True
1445191910135,-25
1445191910188,isHappy,False
1445191910217,isDistracted,True
1445191910239,-30
1445191910284,isHappy,False
1445191910309,isDistracted,True
1445191910326,-35
1445191910360,isHappy,False
1445191910397,isDistracted,True
1445191910428,-35
1445191910466,isHappy,False
1445191910488,isDistracted,True
1445191910510,-35
1445191910546,isHappy,False
1445191910573,isDistracted,True
1445191910608,-35
1445191910647,isHappy,False
1445191910669,isDistracted,True
1445191910692,-35
1445191910733,isHappy,False
1445191910759,isDistracted,True
1445191910782,-40
1445191910826,isHappy,False
1445191910853,isDistracted,True
1445191910880,-35
1445191910915,isHappy,False
1445191910936,isDistracted,False
1445191910959,-15
1445191911000,isHappy,False
1445191911032,isDistracted,False
1445191911082,isHappy,False
1445191911110,isDistracted,False
1445191911135,15
1445191911184,isHappy,False
1445191911210,isDistracted,True
1445191911254,20
1445191911293,isHappy,False
1445191911316,isDistracted,True
1445191911341,35
1445191911385,isHappy,False
1445191911411,isDistracted,True
1445191911442,40
1445191911515,isHappy,False
1445191911550,isDistracted,True
1445191911578,40
1445191911615,isHappy,False
1445191911641,isDistracted,True
1445191911683,20
1445191911721,isHappy,False
1445191911751,isDistracted,False
1445191911771,10
1445191911812,isHappy,False
1445191911838,isDistracted,True
1445191911864,25
1445191911914,isHappy,False
1445191911938,isDistracted,False
1445191911961,10
1445191911997,isHappy,False
1445191912016,isDistracted,False
1445191912037,10
1445191912077,isHappy,False
1445191912111,isDistracted,False
1445191912155,10
1445191912201,isHappy,False
1445191912230,isDistracted,True
1445191912250,15
1445191912288,isHappy,False
1445191912318,isDistracted,False
1445191912348,15
1445191912384,isHappy,False
1445191912406,isDistracted,False
1445191912431,15
1445191912467,isHappy,False
1445191912491,isDistracted,False
1445191912518,15
1445191912560,isHappy,False
1445191912590,isDistracted,False
1445191912635,isHappy,False
1445191912662,isDistracted,True
1445191912685,25
1445191912727,isHappy,False
1445191912762,isDistracted,False
1445191912791,10
1445191912833,isHappy,False
1445191912858,isDistracted,False
1445191912882,15
1445191912921,isHappy,False
1445191912952,isDistracted,True
1445191912982,25
1445191913048,isHappy,False
1445191913072,isDistracted,True
1445191913099,20
1445191913143,isHappy,False
1445191913174,isDistracted,False
1445191913204,10
1445191913245,isHappy,False
1445191913264,isDistracted,False
1445191913302,isHappy,False
1445191913328,isDistracted,True
1445191913349,25
1445191913391,isHappy,False
1445191913419,isDistracted,False
1445191913564,isHappy,False
1445191913597,isDistracted,False
1445191913622,10
1445191913664,isHappy,False
1445191913693,isDistracted,True
1445191913717,30
1445191913757,isHappy,False
1445191913780,isDistracted,True
1445191913816,20
1445191913856,isHappy,False
1445191913881,isDistracted,True
1445191913903,30
1445191913951,isHappy,False
1445191913973,isDistracted,True
1445191913998,30
1445191914049,isHappy,False
1445191914072,isDistracted,True
1445191914099,25
1445191914137,isHappy,False
1445191914166,isDistracted,True
1445191914188,30
1445191914224,isHappy,False
1445191914255,isDistracted,True
1445191914292,35
1445191914330,isHappy,False
1445191914352,isDistracted,True
1445191914375,35
1445191914413,isHappy,False
1445191914437,isDistracted,True
1445191914470,35
1445191914517,isHappy,False
1445191914542,isDistracted,True
1445191914564,25
1445191914612,isHappy,False
1445191914641,isDistracted,False
1445191914666,10
1445191914717,isHappy,False
1445191914743,isDistracted,False
1445191914773,-15
1445191914817,isHappy,False
1445191914840,isDistracted,False
1445191914867,-15
1445191914916,isHappy,False
1445191914943,isDistracted,True
1445191914967,-30
1445191915017,isHappy,False
1445191915040,isDistracted,True
1445191915064,-35
1445191915111,isHappy,False
1445191915148,isDistracted,True
1445191915172,-30
1445191915217,isHappy,False
1445191915242,isDistracted,True
1445191915267,-30
1445191915314,isHappy,False
1445191915348,isDistracted,True
1445191915384,-25
1445191915435,isHappy,False
1445191915462,isDistracted,False
1445191915483,-20
1445191915519,isHappy,False
1445191915562,isDistracted,False
1445191915586,-15
1445191915630,isHappy,False
1445191915651,isDistracted,False
1445191915676,-15
1445191915716,isHappy,False
1445191915743,isDistracted,False
1445191915804,isHappy,False
1445191915838,isDistracted,True
1445191915863,30
1445191915900,isHappy,False
1445191915927,isDistracted,True
1445191915953,35
1445191916000,isHappy,False
1445191916027,isDistracted,True
1445191916049,40
1445191916085,isHappy,False
1445191916106,isDistracted,True
1445191916133,35
1445191916182,isHappy,False
1445191916213,isDistracted,False
1445191916234,20
1445191916269,isHappy,False
1445191916295,isDistracted,False
1445191916334,isHappy,False
1445191916358,isDistracted,False
1445191916382,-10
1445191916427,isHappy,False
1445191916453,isDistracted,False
1445191916478,-20
1445191916516,isHappy,False
1445191916541,isDistracted,False
1445191916563,-25
1445191916602,isHappy,False
1445191916641,isDistracted,True
1445191916666,-30
1445191916710,isHappy,False
1445191916736,isDistracted,True
1445191916760,-35
1445191916799,isHappy,False
1445191916826,isDistracted,True
1445191916858,-35
1445191916912,isHappy,False
1445191916934,isDistracted,True
1445191916963,-40
1445191917010,isHappy,False
1445191917036,isDistracted,True
1445191917066,-40
1445191917114,isHappy,False
1445191917135,isDistracted,True
1445191917164,-40
1445191917208,isHappy,False
1445191917239,isDistracted,True
1445191917263,-45
1445191917321,isHappy,False
1445191917344,isDistracted,True
1445191917370,-40
1445191917417,isHappy,False
1445191917441,isDistracted,True
1445191917464,-30
1445191917518,isHappy,False
1445191917539,isDistracted,False
1445191917567,-15
1445191917614,isHappy,False
1445191917643,isDistracted,False
1445191917682,isHappy,False
1445191917710,isDistracted,False
1445191917746,10
1445191917786,isHappy,False
1445191917812,isDistracted,True
1445191917833,20
1445191917879,isHappy,False
1445191917908,isDistracted,True
1445191917951,30
1445191917991,isHappy,False
1445191918019,isDistracted,True
1445191918040,40
1445191918084,isHappy,False
1445191918119,isDistracted,True
1445191918158,35
1445191918202,isHappy,False
1445191918229,isDistracted,True
1445191918255,40
1445191918313,isHappy,False
1445191918342,isDistracted,True
1445191918373,35
1445191918418,isHappy,False
1445191918445,isDistracted,True
1445191918468,35
1445191918517,isHappy,False
1445191918542,isDistracted,True
1445191918575,25
1445191918627,isHappy,False
1445191918648,isDistracted,True
1445191918668,25
1445191918713,isHappy,False
1445191918735,isDistracted,True
1445191918764,25
1445191918818,isHappy,False
1445191918853,isDistracted,True
1445191918882,25
1445191918922,isHappy,False
1445191918947,isDistracted,True
1445191918972,25
1445191919029,isHappy,False
1445191919056,isDistracted,True
1445191919082,25
1445191919121,isHappy,False
1445191919145,isDistracted,True
1445191919172,25
1445191919218,isHappy,False
1445191919259,isDistracted,True
1445191919283,25
1445191919320,isHappy,False
1445191919346,isDistracted,True
1445191919366,20
1445191919395,isHappy,False
1445191919417,isDistracted,False
1445191919446,10
1445191919480,isHappy,False
1445191919499,isDistracted,False
1445191919530,isHappy,False
1445191919550,isDistracted,False
1445191919581,isHappy,False
1445191919600,isDistracted,False
1445191919645,isHappy,False
1445191919667,isDistracted,False
1445191919687,-15
1445191919718,isHappy,False
1445191919737,isDistracted,False
1445191919755,-20
1445191919787,isHappy,False
1445191919805,isDistracted,False
1445191919823,-25
1445191919859,isHappy,False
1445191919885,isDistracted,True
1445191919902,-35
1445191919945,isHappy,False
1445191919963,isDistracted,True
1445191919981,-40
1445191920012,isHappy,False
1445191920034,isDistracted,True
1445191920063,-35
1445191920113,isHappy,False
1445191920136,isDistracted,True
1445191920155,-40
1445191920188,isHappy,False
1445191920216,isDistracted,True
1445191920242,-40
1445191920282,isHappy,False
1445191920319,isDistracted,True
1445191920344,-45
1445191920382,isHappy,False
1445191920404,isDistracted,True
1445191920429,-40
1445191920464,isHappy,False
1445191920495,isDistracted,True
1445191920529,-40
1445191920567,isHappy,False
1445191920594,isDistracted,True
1445191920621,-45
1445191920661,isHappy,False
1445191920684,isDistracted,True
1445191920719,-40
1445191920763,isHappy,False
1445191920784,isDistracted,True
1445191920807,-40
1445191920850,isHappy,False
1445191920877,isDistracted,True
1445191920901,-35
1445191920947,isHappy,False
1445191920975,isDistracted,False
1445191920995,-25
1445191921039,isHappy,False
1445191921059,isDistracted,False
1445191921086,-20
1445191921136,isHappy,False
1445191921176,isDistracted,True
1445191921207,-30
1445191921250,isHappy,False
1445191921273,isDistracted,False
1445191921297,-20
1445191921334,isHappy,False
1445191921372,isDistracted,False
1445191921401,-10
1445191921449,isHappy,False
1445191921474,isDistracted,False
1445191921498,-10
1445191921533,isHappy,False
1445191921564,isDistracted,False
1445191921601,-10
1445191921651,isHappy,False
1445191921675,isDistracted,False
1445191921700,-10
1445191921747,isHappy,False
1445191921778,isDistracted,False
1445191921829,isHappy,False
1445191921849,isDistracted,False
1445191921885,isHappy,False
1445191921912,isDistracted,False
1445191921937,15
1445191921984,isHappy,False
1445191922018,isDistracted,True
1445191922052,25
1445191922113,isHappy,False
1445191922139,isDistracted,True
1445191922158,35
1445191922211,isHappy,False
1445191922245,isDistracted,True
1445191922278,30
1445191922319,isHappy,False
1445191922342,isDistracted,True
1445191922359,30
1445191922391,isHappy,False
1445191922416,isDistracted,True
1445191922446,25
1445191922485,isHappy,False
1445191922513,isDistracted,False
1445191922534,10
1445191922579,isHappy,False
1445191922608,isDistracted,False
1445191922650,isHappy,False
1445191922683,isDistracted,False
1445191922709,-10
1445191922749,isHappy,False
1445191922771,isDistracted,False
1445191922794,-15
1445191922842,isHappy,False
1445191922868,isDistracted,False
1445191922892,-15
1445191922950,isHappy,False
1445191922970,isDistracted,False
1445191922988,-20
1445191923018,isHappy,False
1445191923037,isDistracted,False
1445191923055,-20
1445191923086,isHappy,False
1445191923118,isDistracted,False
1445191923143,-25
1445191923184,isHappy,False
1445191923211,isDistracted,True
1445191923231,-30
1445191923278,isHappy,False
1445191923302,isDistracted,True
1445191923334,-30
1445191923390,isHappy,False
1445191923417,isDistracted,True
1445191923439,-30
1445191923484,isHappy,False
1445191923506,isDistracted,True
1445191923533,-30
1445191923583,isHappy,False
1445191923608,isDistracted,False
1445191923637,-20
1445191923685,isHappy,False
1445191923708,isDistracted,False
1445191923728,-20
1445191923762,isHappy,False
1445191923789,isDistracted,False
1445191923808,-15
1445191923846,isHappy,False
1445191923865,isDistracted,False
1445191923889,-15
1445191923931,isHappy,False
1445191923956,isDistracted,False
1445191924012,isHappy,False
1445191924038,isDistracted,False
1445191924081,isHappy,False
1445191924108,isDistracted,False
1445191924146,isHappy,False
1445191924168,isDistracted,False
1445191924205,10
1445191924251,isHappy,False
1445191924274,isDistracted,False
1445191924298,10
1445191924334,isHappy,False
1445191924360,isDistracted,False
1445191924400,isHappy,False
1445191924441,isDistracted,False
1445191924488,isHappy,False
1445191924515,isDistracted,False
1445191924555,isHappy,False
1445191924589,isDistracted,False
1445191924647,isHappy,False
1445191924681,isDistracted,False
1445191924726,isHappy,False
1445191924746,isDistracted,False
1445191924783,isHappy,False
1445191924809,isDistracted,False
1445191924850,isHappy,False
1445191924888,isDistracted,False
1445191924936,isHappy,False
1445191924963,isDistracted,False
1445191924985,-10
1445191925023,isHappy,False
1445191925049,isDistracted,False
1445191925078,-15
1445191925122,isHappy,False
1445191925151,isDistracted,True
1445191925180,-25
1445191925221,isHappy,False
1445191925250,isDistracted,True
1445191925274,-25
1445191925322,isHappy,False
1445191925360,isDistracted,True
1445191925395,-25
1445191925448,isHappy,False
1445191925476,isDistracted,True
1445191925498,-30
1445191925546,isHappy,False
1445191925565,isDistracted,True
1445191925588,-30
1445191925630,isHappy,False
1445191925651,isDistracted,True
1445191925675,-30
1445191925720,isHappy,False
1445191925756,isDistracted,True
1445191925785,-30
1445191925822,isHappy,False
1445191925849,isDistracted,True
1445191925873,-30
1445191925917,isHappy,False
1445191925951,isDistracted,True
1445191925985,-30
1445191926021,isHappy,False
1445191926045,isDistracted,True
1445191926070,-30
1445191926118,isHappy,False
1445191926144,isDistracted,True
1445191926178,-25
1445191926221,isHappy,False
1445191926246,isDistracted,True
1445191926271,-35
1445191926317,isHappy,False
1445191926339,isDistracted,True
1445191926368,-30
1445191926418,isHappy,False
1445191926442,isDistracted,True
1445191926466,-30
1445191926517,isHappy,False
1445191926538,isDistracted,True
1445191926564,-25
1445191926617,isHappy,False
1445191926655,isDistracted,False
1445191926680,-20
1445191926716,isHappy,False
1445191926739,isDistracted,False
1445191926758,-15
1445191926787,isHappy,False
1445191926806,isDistracted,False
1445191926826,-10
1445191926879,isHappy,False
1445191926901,isDistracted,False
1445191926946,isHappy,False
1445191926969,isDistracted,False
1445191927017,isHappy,False
1445191927050,isDistracted,False
1445191927103,isHappy,False
1445191927131,isDistracted,False
1445191927169,isHappy,False
1445191927196,isDistracted,False
1445191927217,-10
1445191927257,isHappy,False
1445191927300,isDistracted,False
1445191927324,-10
1445191927362,isHappy,False
1445191927388,isDistracted,False
1445191927408,-15
1445191927450,isHappy,False
1445191927480,isDistracted,False
1445191927514,-15
1445191927551,isHappy,False
1445191927577,isDistracted,False
1445191927606,-15
1445191927651,isHappy,False
1445191927683,isDistracted,False
1445191927721,-20
1445191927779,isHappy,False
1445191927807,isDistracted,False
1445191927828,-15
1445191927874,isHappy,False
1445191927901,isDistracted,False
1445191927931,-10
1445191927989,isHappy,False
1445191928017,isDistracted,False
1445191928055,isHappy,False
1445191928083,isDistracted,False
1445191928122,isHappy,False
1445191928160,isDistracted,False
1445191928214,isHappy,False
1445191928242,isDistracted,False
1445191928284,isHappy,False
1445191928309,isDistracted,False
1445191928354,isHappy,False
1445191928386,isDistracted,False
1445191928422,isHappy,False
1445191928449,isDistracted,False
1445191928487,isHappy,False
1445191928512,isDistracted,False
1445191928550,isHappy,False
1445191928592,isDistracted,False
1445191928648,isHappy,False
1445191928681,isDistracted,False
1445191928722,isHappy,False
1445191928746,isDistracted,False
1445191928791,isHappy,False
1445191928822,isDistracted,False
1445191928847,-10
1445191928882,isHappy,False
1445191928905,isDistracted,False
1445191928928,-10
1445191928976,isHappy,False
1445191929009,isDistracted,False
1445191929056,isHappy,False
1445191929084,isDistracted,False
1445191929120,isHappy,False
1445191929148,isDistracted,False
1445191929188,isHappy,True
1445191929226,isDistracted,False
1445191929277,isHappy,True
1445191929308,isDistracted,False
1445191929350,isHappy,True
1445191929375,isDistracted,False
1445191929417,isHappy,True
1445191929452,isDistracted,False
1445191929500,isHappy,True
1445191929526,isDistracted,False
1445191929562,isHappy,True
1445191929589,isDistracted,False
1445191929626,isHappy,True
1445191929656,isDistracted,False
1445191929712,isHappy,True
1445191929737,isDistracted,False
1445191929784,isHappy,True
1445191929809,isDistracted,False
1445191929846,isHappy,True
1445191929883,isDistracted,False
1445191929934,isHappy,True
1445191929959,isDistracted,False
1445191929999,isHappy,True
1445191930022,isDistracted,False
